currency,usd_per_unit,basis
US Dollar,1.0,base currency
Euro,1.00,approx. EUR/USD early Sep 2022
Swiss Franc,1.03,approx. CHF/USD early Sep 2022
Yuan,0.145,approx. CNY/USD early Sep 2022
Shekel,0.29,approx. ILS/USD early Sep 2022
Rupee,0.0125,approx. INR/USD early Sep 2022
UK Pound,1.15,approx. GBP/USD early Sep 2022
Yen,0.0070,approx. JPY/USD early Sep 2022
Ruble,0.0165,approx. RUB/USD early Sep 2022
Bitcoin,20000,approx. BTC/USD early Sep 2022
Canadian Dollar,0.77,approx. CAD/USD early Sep 2022
Australian Dollar,0.68,approx. AUD/USD early Sep 2022
Mexican Peso,0.050,approx. MXN/USD early Sep 2022
Saudi Riyal,0.266,approx. SAR/USD (pegged near 3.75)
Brazil Real,0.19,approx. BRL/USD early Sep 2022
